{"cameraMode":{"drawMode":0,"name":"Shaded","section":"Shading Mode"},"sceneLighting":false,"audioPlay":false,"sceneViewState":{"showFog":false,"showMaterialUpdate":false,"showSkybox":false,"showFlares":false,"showImageEffects":false,"showParticleSystems":false},"in2DMode":false,"pivot":{"x":5.086243152618408,"y":4.0349249839782719,"z":23.457088470458986},"rotation":{"x":-0.2791976034641266,"y":0.5171926617622376,"z":-0.18326877057552339,"w":-0.7880779504776001},"size":19.84214210510254,"orthographic":false}