{"cameraMode":{"drawMode":0,"name":"Shaded","section":"Shading Mode"},"sceneLighting":false,"audioPlay":false,"sceneViewState":{"showFog":true,"showMaterialUpdate":true,"showSkybox":false,"showFlares":true,"showImageEffects":true,"showParticleSystems":true},"in2DMode":false,"pivot":{"x":-0.789332926273346,"y":1.101736307144165,"z":-1.7472859621047974},"rotation":{"x":-0.1405348777770996,"y":0.021891914308071138,"z":-0.002817166270688176,"w":-0.9900815486907959},"size":5.932562828063965,"orthographic":false}