{"cameraMode":{"drawMode":0,"name":"Shaded","section":"Shading Mode"},"sceneLighting":true,"audioPlay":false,"sceneViewState":{"showFog":true,"showMaterialUpdate":true,"showSkybox":false,"showFlares":true,"showImageEffects":true,"showParticleSystems":true},"in2DMode":false,"pivot":{"x":4.6121745109558109,"y":-2.801645040512085,"z":1.9449611902236939},"rotation":{"x":0.16050174832344056,"y":0.5771465301513672,"z":-0.11634543538093567,"w":0.7926003932952881},"size":17.147302627563478,"orthographic":false}