{"cameraMode":{"drawMode":0,"name":"Shaded","section":"Shading Mode"},"sceneLighting":false,"audioPlay":false,"sceneViewState":{"showFog":false,"showMaterialUpdate":false,"showSkybox":false,"showFlares":false,"showImageEffects":false,"showParticleSystems":false},"in2DMode":false,"pivot":{"x":5.960464477539063e-8,"y":0.8463828563690186,"z":-0.05393040180206299},"rotation":{"x":0.18522144854068757,"y":-0.011795153841376305,"z":0.0022280928678810598,"w":0.9826285243034363},"size":3.982867956161499,"orthographic":false}