{"cameraMode":{"drawMode":0,"name":"Shaded","section":"Shading Mode"},"sceneLighting":false,"audioPlay":false,"sceneViewState":{"showFog":false,"showMaterialUpdate":false,"showSkybox":false,"showFlares":false,"showImageEffects":false,"showParticleSystems":false},"in2DMode":false,"pivot":{"x":-1.6182612180709839,"y":0.2678719758987427,"z":0.7647504806518555},"rotation":{"x":0.1412542164325714,"y":-0.7240791320800781,"z":0.15570563077926637,"w":0.656903862953186},"size":3.982867956161499,"orthographic":false}