{"cameraMode":{"drawMode":0,"name":"Shaded","section":"Shading Mode"},"sceneLighting":true,"audioPlay":false,"sceneViewState":{"showFog":true,"showMaterialUpdate":true,"showSkybox":true,"showFlares":true,"showImageEffects":true,"showParticleSystems":true},"in2DMode":false,"pivot":{"x":17.380645751953126,"y":25.84815788269043,"z":-23.223445892333986},"rotation":{"x":0.31234443187713625,"y":-0.35210564732551577,"z":0.12622478604316712,"w":0.8735877275466919},"size":2.8578836917877199,"orthographic":false}