{"cameraMode":{"drawMode":0,"name":"Shaded","section":"Shading Mode"},"sceneLighting":false,"audioPlay":false,"sceneViewState":{"showFog":true,"showMaterialUpdate":true,"showSkybox":false,"showFlares":true,"showImageEffects":true,"showParticleSystems":true},"in2DMode":false,"pivot":{"x":33.785465240478519,"y":6.112706184387207,"z":1.5758590698242188},"rotation":{"x":-0.04614447429776192,"y":0.6976649165153503,"z":-0.045021191239356998,"w":-0.7139240503311157},"size":12.174585342407227,"orthographic":false}