{"cameraMode":{"drawMode":0,"name":"Shaded","section":"Shading Mode"},"sceneLighting":false,"audioPlay":false,"sceneViewState":{"showFog":false,"showMaterialUpdate":false,"showSkybox":false,"showFlares":false,"showImageEffects":false,"showParticleSystems":false},"in2DMode":false,"pivot":{"x":0.6449594497680664,"y":-0.18530821800231934,"z":0.0},"rotation":{"x":0.18522144854068757,"y":-0.011795153841376305,"z":0.0022280928678810598,"w":0.9826285243034363},"size":4.814120769500732,"orthographic":false}