{"cameraMode":{"drawMode":0,"name":"Shaded","section":"Shading Mode"},"sceneLighting":false,"audioPlay":false,"sceneViewState":{"showFog":false,"showMaterialUpdate":false,"showSkybox":false,"showFlares":false,"showImageEffects":false,"showParticleSystems":false},"in2DMode":false,"pivot":{"x":0.07661806046962738,"y":0.8752200603485107,"z":-0.004328548908233643},"rotation":{"x":0.004231818486005068,"y":0.9840454459190369,"z":-0.023621639236807824,"w":0.1763184368610382},"size":3.4715986251831056,"orthographic":false}