{"cameraMode":{"drawMode":0,"name":"Shaded","section":"Shading Mode"},"sceneLighting":false,"audioPlay":false,"sceneViewState":{"showFog":false,"showMaterialUpdate":false,"showSkybox":false,"showFlares":false,"showImageEffects":false,"showParticleSystems":false},"in2DMode":false,"pivot":{"x":-0.7728862762451172,"y":6.691467761993408,"z":0.27144575119018557},"rotation":{"x":-0.05840422585606575,"y":-0.4624398648738861,"z":0.030644891783595086,"w":-0.8842863440513611},"size":44.37241744995117,"orthographic":false}