{"cameraMode":{"drawMode":0,"name":"Shaded","section":"Shading Mode"},"sceneLighting":true,"audioPlay":false,"sceneViewState":{"showFog":true,"showMaterialUpdate":true,"showSkybox":true,"showFlares":true,"showImageEffects":true,"showParticleSystems":true},"in2DMode":false,"pivot":{"x":-13.495194435119629,"y":49.018592834472659,"z":-22.401992797851564},"rotation":{"x":0.48819729685783389,"y":0.140348419547081,"z":-0.08099425584077835,"w":0.8579493761062622},"size":22.0,"orthographic":false}