{"cameraMode":{"drawMode":0,"name":"Shaded","section":"Shading Mode"},"sceneLighting":false,"audioPlay":false,"sceneViewState":{"showFog":true,"showMaterialUpdate":true,"showSkybox":false,"showFlares":true,"showImageEffects":true,"showParticleSystems":true},"in2DMode":false,"pivot":{"x":0.24604548513889314,"y":1.2924976348876954,"z":0.763678789138794},"rotation":{"x":0.16871285438537599,"y":-0.011649499647319317,"z":0.0016397874569520355,"w":0.9858182072639465},"size":5.7157673835754398,"orthographic":false}