{"cameraMode":{"drawMode":0,"name":"Shaded","section":"Shading Mode"},"sceneLighting":true,"audioPlay":false,"sceneViewState":{"showFog":true,"showMaterialUpdate":true,"showSkybox":true,"showFlares":true,"showImageEffects":true,"showParticleSystems":true},"in2DMode":false,"pivot":{"x":0.013593912124633789,"y":0.8629326820373535,"z":0.012342631816864014},"rotation":{"x":-0.14552068710327149,"y":0.5657926797866821,"z":-0.10182612389326096,"w":-0.8056138753890991},"size":4.041635036468506,"orthographic":false}